outlet_id,product_id,quantity 
ST01,2075,218
ST02,4652,131
ST01,1395,209
ST03,983,264
ST02,1021,249
ST04,327,112
ST02,2516,201
ST01,2298,268
ST01,1220,281
ST02,4410,301
ST04,4542,336
ST02,2015,159
ST03,2364,323
ST03,702,148
ST01,4886,232
ST03,654,211
ST01,157,62
ST03,397,162
ST02,1449,279
ST03,3642,150
ST02,97,167
ST01,4428,199
ST04,2481,326
ST02,3856,60
ST03,4159,339
ST02,4895,320
ST01,1815,88
ST01,3763,150
ST01,3027,339
ST04,1564,122
ST03,1434,347
ST01,3095,157
ST02,4639,307
ST01,2816,51
ST02,3195,182
ST01,4927,113
ST04,3529,329
ST04,4480,218
ST04,1413,348
ST03,3388,72
ST04,2295,179
ST02,4239,131
ST04,717,122
ST04,2844,193
ST01,3563,248
ST04,3862,178
ST04,827,305
ST01,995,226
ST02,1985,150
ST01,472,86
ST04,1278,276
ST01,468,73
ST01,4726,228
ST04,46,119
ST03,1884,272
ST03,4819,322
ST01,1336,85
ST04,3614,64
ST02,2456,185
ST02,2435,134
ST01,4017,151
ST02,2734,180
ST01,2791,131
ST02,4792,121
ST01,2082,267
ST04,135,204
ST04,1540,63
ST01,3660,133
ST04,4243,156
ST02,3698,192
ST04,3244,198
ST02,3114,99
ST03,4933,59
ST04,4545,52
ST03,1466,229
ST03,2365,156
ST01,34,143
ST03,2244,151
ST02,907,98
ST02,3833,308
ST01,4380,345
ST02,4088,296
ST03,162,222
ST02,1360,173
ST04,1885,285
ST01,3461,241
ST01,4993,148
ST04,4058,212
ST02,2743,160
ST01,90,267
ST01,3491,246
ST03,17,162
ST03,4912,268
ST03,240,209
ST03,1496,183
ST04,485,143
ST02,3572,180
ST03,3562,215
ST02,2603,68
ST03,750,172
ST01,3622,203
ST02,667,61
ST01,898,302
ST03,210,211
ST02,4303,189
ST03,1568,139
ST04,2845,343
ST02,2499,302
ST01,401,227
ST01,3476,184
ST04,1705,253
ST02,499,310
ST03,204,298
ST04,3701,326
ST02,2912,304
ST02,2825,184
ST04,15,296
ST02,4962,181
ST04,375,89
ST03,4077,280
ST03,3409,160
ST03,3702,74
ST02,407,345
ST02,2197,171
ST04,227,274
ST01,171,145
ST01,4237,322
ST02,4011,310
ST02,282,106
ST03,931,58
ST01,22,245
ST01,1176,314
ST04,4391,74
ST01,4823,251
ST04,3066,308
ST03,3428,233
ST04,474,210
ST03,237,135
ST03,2039,201
ST03,3605,338
ST03,1638,313
ST03,2255,187
ST03,4829,247
ST03,1304,229
ST03,951,84
ST03,109,230
ST03,1282,67
ST03,364,331
ST03,1065,244
ST03,2409,108
ST03,2353,205
ST03,4053,120
ST03,4251,237
ST03,289,250
ST03,448,295
ST03,2142,272
ST03,3548,186
ST03,4117,338
ST03,4949,75
ST03,3573,286
ST03,565,50
ST03,259,62
ST03,4510,182
ST03,3523,227
ST03,1710,114
ST03,3301,75
ST03,2887,108
ST03,3747,290
ST03,1657,152
ST03,2670,125
ST03,1811,209
ST03,2884,123
ST03,4850,133
ST03,921,338
ST03,1543,114
ST03,880,238
ST03,4735,138
ST03,3494,106
ST03,3468,189
ST03,2265,312
ST03,80,90
ST03,4215,103
ST03,99,128
ST03,2328,254
ST03,2526,151
ST03,134,280
ST03,402,55
ST03,2648,231
ST03,873,69
ST03,2268,92
ST03,2668,172
ST03,2281,296
ST03,4487,210
ST03,2040,334
ST03,1535,198
ST03,84,286
ST03,2590,62
ST03,2538,266
ST03,3510,146
ST03,2671,107
ST03,2880,302
ST03,594,341
ST03,2596,264
ST03,395,68
ST03,3662,80
ST03,2206,270
ST03,3215,156
ST03,1829,138
ST03,3458,161
ST03,1313,203
ST03,4107,171
ST03,2525,187
ST03,2632,137
ST03,4950,339
ST03,3068,95
ST03,3257,330
ST03,4524,313
ST03,676,63
ST03,3903,178
ST03,736,298
ST03,4521,180
ST03,4064,144
ST03,3927,224
ST03,740,68
ST03,1254,326
ST03,1822,170
ST03,2863,278
ST03,319,318
ST03,925,77
ST03,2998,344
ST03,3767,83
ST03,1082,99
ST03,2360,230
ST03,3474,69
ST03,3526,253
ST03,664,59
ST03,1131,163
ST03,2813,343
ST03,2601,244
ST03,1759,144
ST03,830,84
ST03,2390,330
ST03,641,348
ST03,4311,326
ST03,1677,340
ST03,3974,337
ST03,911,136
ST03,1396,67
ST03,4080,117
ST03,4748,149
ST03,3714,185
ST03,2351,191
ST03,2074,65
ST03,2800,128
ST03,904,263
ST03,3928,71
ST03,3067,349
ST03,1696,95
ST03,1629,297
ST03,1233,115
ST03,2624,166
ST03,11,314
ST03,2588,58
ST03,2344,175
ST03,1755,325
ST03,1971,291
ST03,747,100
ST03,1276,129
ST03,768,50
ST03,1726,140
ST03,3415,269
ST03,1207,122
ST03,1637,301
ST03,2388,346
ST03,2474,71
ST03,4106,57
ST03,95,163
ST03,2762,120
ST03,4127,180
ST03,4283,93
ST03,1465,258
ST03,2043,199
ST03,1713,111
ST03,1574,312
ST03,3663,277
ST03,2781,268
ST03,2631,82
ST03,2136,163
ST03,4004,156
ST03,3713,161
ST03,4952,300
ST03,2512,67
ST03,2785,204
ST03,2498,172
ST03,4435,112
ST03,4273,154
ST03,4598,159
ST03,1334,163
ST03,2613,106
ST03,3203,212
ST03,3398,216
ST03,4201,181
ST03,2571,287
ST03,2506,336
ST03,217,288
ST03,3776,129
ST03,1268,54
ST03,991,207
ST03,3886,247
ST03,1966,110
ST03,116,74
ST03,2270,242
ST03,3450,249
ST03,4689,303
ST03,1410,117
ST03,1027,156
ST03,4603,215
ST03,4318,181
ST03,4450,134
ST03,1090,211
ST03,3669,269
ST03,170,304
ST03,1722,324
ST03,755,287
ST03,313,54
ST03,4295,235
ST03,3245,54
ST03,1935,334
ST03,307,227
ST03,550,266
ST03,3751,63
ST03,2710,70
ST03,865,68
ST03,4564,229
ST03,2519,168
ST03,1980,129
ST03,2301,275
ST03,1664,155
ST03,1298,100
ST03,621,250
ST03,1569,326
ST03,2746,221
ST03,405,183
ST03,2218,92
ST03,194,159
ST03,2534,92
ST03,2326,157
ST03,509,167
ST03,1151,156
ST03,4415,111
ST03,4441,181
ST03,1111,288
ST03,4310,75
ST03,4592,115
ST03,526,142
ST03,2838,262
ST03,1311,324
ST03,2664,145
ST03,1596,58
ST03,3813,221
ST03,2977,182
ST03,3168,327
ST03,3408,286
ST03,959,289
ST03,3416,317
ST03,1121,263
ST03,3220,210
ST03,769,52
ST03,1606,243
ST03,601,325
ST03,304,83
ST03,1867,137
ST03,4992,178
ST03,941,211
ST03,355,319
ST03,4474,158
ST03,4670,112
ST03,1576,215
ST03,1419,258
ST03,4999,127
ST03,1462,262
ST03,4006,137
ST03,3582,51
ST03,2186,316
ST03,4496,177
ST03,141,69
ST03,1097,232
ST03,233,61
ST03,43,94
ST03,3255,158
ST03,3686,190
ST03,1422,276
ST03,2935,322
ST03,2105,337
ST03,1486,81
ST03,2957,243
ST03,2925,162
ST03,1345,252
ST03,4870,293
ST03,3155,197
ST03,1991,240
ST03,4755,199
ST03,1478,301
ST03,3795,74
ST03,4374,166
ST03,1421,159
ST03,1793,113
ST03,3802,282
ST03,2604,71
ST03,2195,347
ST03,4177,215
ST03,4386,103
ST03,2485,349
ST03,3967,302
ST03,597,340
ST03,168,180
ST03,1128,80
ST03,3202,232
ST03,453,250
ST03,2464,253
ST03,1897,290
ST03,1110,82
ST03,3809,234
ST03,3290,206
ST03,1783,83
ST03,598,173
ST03,3948,57
ST03,4758,107
ST03,2146,67
ST03,3857,269
ST03,628,245
ST03,3487,297
ST03,1625,305
ST03,4085,312
ST03,3054,172
ST03,1794,132
ST03,2031,205
ST03,3807,257
ST03,1529,203
ST03,1374,85
ST03,3328,280
ST03,1791,209
ST03,1987,199
ST03,3718,265
ST03,1492,248
ST03,2357,288
ST03,1277,288
ST03,974,94
ST03,1790,349
ST03,724,127
ST03,4715,113
ST03,1320,217
ST03,878,127
ST03,3452,108
ST03,985,276
ST03,701,125
ST03,694,285
ST03,3331,67
ST03,928,261
ST03,2094,314
ST03,4770,164
ST03,1012,293
ST03,4190,99
ST03,3717,334
ST03,2477,227
ST03,1190,129
ST03,704,221
ST03,1187,343
ST03,4218,118
ST03,3268,190
ST03,2185,142
ST03,4842,230
ST03,993,164
ST03,1270,239
ST03,91,194
ST03,829,138
ST03,4490,61
ST03,360,325
ST03,1919,72
ST03,3918,192
ST03,4780,163
ST03,3330,109
ST03,1000,281
ST03,4219,163
ST03,3302,326
ST03,2061,140
ST03,3880,281
ST03,3560,118
ST03,2541,226
ST03,4508,55
ST03,2214,82
ST03,1297,198
ST03,3359,83
ST03,1204,312
ST03,2942,265
ST03,203,65
ST03,3585,336
ST03,4782,261
ST03,2715,175
ST03,4681,81
ST03,4936,195
ST03,3854,91
ST03,2099,282
ST03,1352,338
ST03,3608,139
ST03,2581,90
ST03,3406,300
ST03,209,319
ST03,892,106
ST03,2811,105
ST03,614,344
ST03,1371,201
ST03,142,349
ST03,358,223
ST03,3883,151
ST03,777,70
ST03,4974,178
ST03,3979,191
ST03,3200,247
ST03,1805,107
ST03,3910,244
ST03,1881,89
ST03,4453,343
ST03,3298,245
ST03,3688,203
ST03,3001,87
ST03,224,118
ST03,1479,162
ST03,4200,293
ST03,281,146
ST03,2920,275
ST03,1199,223
ST03,4326,327
ST03,370,196
ST03,265,243
ST03,611,125
ST03,4071,112
ST03,753,312
ST03,3996,229
ST03,4785,220
ST03,2010,345
ST03,2296,295
ST03,4161,124
ST03,1734,319
ST03,1120,88
ST03,795,239
ST03,1599,191
ST03,3806,204
ST03,1002,231
ST03,3796,269
ST03,1956,80
ST03,3655,133
ST03,3678,97
ST03,1501,79
ST03,1915,328
ST03,3171,317
ST03,4733,119
ST03,973,161
ST03,2117,155
ST03,4849,150
ST03,3226,150
ST03,821,201
ST03,4367,139
ST03,1533,267
ST03,2475,91
ST03,2173,208
ST03,4786,119
ST03,1941,110
ST03,3315,311
ST03,2172,220
ST03,1124,82
ST03,563,344
ST03,1302,52
ST03,1903,334
ST03,2563,326
ST03,1186,91
ST03,3778,322
ST03,4710,327
ST03,3110,63
ST03,2267,278
ST03,89,203
ST03,2152,259
ST03,3998,217
ST03,4114,189
ST03,3130,212
ST03,674,264
ST03,1913,274
ST03,820,208
ST03,555,169
ST03,2484,127
ST03,935,271
ST03,3147,196
ST03,415,279
ST03,848,87
ST03,1762,297
ST03,2411,62
ST03,3336,184
ST03,1565,61
ST03,3433,78
ST03,4087,86
ST03,2830,340
ST03,1200,79
ST03,3842,234
ST03,1367,216
ST03,2940,158
ST03,4179,193
ST03,4750,148
ST03,3719,113
ST03,4337,54
ST03,2593,267
ST03,2443,96
ST03,1931,243
ST03,4278,243
ST03,3094,343
ST03,3786,81
ST03,559,250
ST03,1747,111
ST03,3260,240
ST03,4891,164
ST03,2403,270
ST03,416,191
ST03,4728,80
ST03,140,211
ST03,4277,301
ST03,1323,276
ST03,4894,173
ST03,2992,239
ST03,4707,100
ST03,4617,112
ST03,4732,55
ST03,846,308
ST03,4056,227
ST03,4713,217
ST03,1405,289
ST03,3985,80
ST03,3528,286
ST03,4873,228
ST03,1763,180
ST03,2597,223
ST03,1242,276
ST03,1381,343
ST03,1808,136
ST03,3852,187
ST03,4852,142
ST03,2421,162
ST03,2083,131
ST03,901,189
ST03,2679,295
ST03,909,128
ST03,1786,193
ST03,1545,145
ST03,4706,247
ST03,1573,96
ST03,2293,231
ST03,1269,350
ST03,2070,215
ST03,1556,349
ST03,1234,174
ST03,2747,269
ST03,1453,221
ST03,4839,300
ST03,4788,58
ST03,697,287
ST03,3335,164
ST03,120,104
ST03,1011,65
ST03,207,87
ST03,2697,334
ST03,1133,207
ST03,1821,122
ST03,4567,271
ST03,3874,326
ST03,4969,275
ST03,3824,138
ST03,4489,104
ST03,2696,144
ST03,952,221
ST03,200,171
ST03,721,98
ST03,1246,327
ST03,1899,309
ST03,3900,277
ST03,280,272
ST03,1019,277
ST03,4540,150
ST03,2101,255
ST03,3000,194
ST03,1621,207
ST03,4113,310
ST03,3142,321
ST03,875,51
ST03,1211,223
ST03,858,345
ST03,4669,335
ST03,1975,205
ST03,2705,196
ST03,1420,111
ST03,3211,330
ST03,2342,302
ST03,1022,341
ST03,2846,52
ST03,506,237
ST03,1855,155
ST03,814,117
ST03,4686,203
ST03,4244,99
ST03,4208,193
ST03,2168,264
ST03,4327,307
ST03,293,189
ST03,2405,340
ST03,3615,90
ST03,884,317
ST03,882,293
ST03,519,188
ST03,2032,326
ST03,3784,215
ST03,4078,325
ST03,1018,85
ST03,1457,139
ST03,2587,88
ST03,1715,192
ST03,3991,140
ST03,1532,253
ST03,2466,188
ST03,1733,101
ST03,742,200
ST03,3029,263
ST03,2144,223
ST03,1103,281
ST03,961,320
ST03,225,258
ST03,4606,295
ST03,1446,252
ST03,314,204
ST03,451,56
ST03,3402,139
ST03,2618,89
ST03,1402,126
ST03,3912,309
ST03,4447,221
ST03,1768,106
ST03,757,68
ST03,4481,220
ST03,4412,53
ST03,1049,344
ST03,103,223
ST03,1025,164
ST03,446,220
ST03,3261,107
ST03,4705,133
ST03,1296,147
ST03,4550,177
ST03,2389,101
ST03,4183,253
ST03,154,341
ST03,2975,182
ST03,520,292
ST03,3518,333
ST03,1309,128
ST03,2833,103
ST03,1354,133
ST03,2306,341
ST03,3709,162
ST03,4290,221
ST03,4551,336
ST03,2939,151
ST03,2236,256
ST03,3385,326
ST03,4649,286
ST03,1663,80
ST03,1400,172
ST03,953,173
ST03,4382,122
ST03,551,318
ST03,1889,214
ST03,2568,234
ST03,4794,162
ST03,1484,55
ST03,4569,213
ST03,3740,75
ST03,4656,326
ST03,1032,253
ST03,3577,161
ST03,2991,188
ST03,2399,245
ST03,2302,148
ST03,3276,219
ST03,4353,235
ST03,662,294
ST03,268,309
ST03,3923,53
ST03,1516,115
ST03,3373,143
ST03,3832,254
ST03,2767,123
ST03,4042,107
ST03,4322,159
ST03,1471,205
ST03,759,222
ST03,3183,89
ST03,55,146
ST03,2416,200
ST03,1306,134
ST03,87,101
ST03,2832,76
ST03,2165,293
ST03,2736,226
ST03,432,247
ST03,1135,263
ST03,4420,332
ST03,3081,183
ST03,2946,309
ST03,4476,273
ST03,1908,117
ST03,4020,267
ST03,4864,147
ST03,1448,67
ST03,2707,240
ST03,4688,118
ST03,4129,309
ST03,4568,325
ST03,2969,149
ST03,2260,51
ST03,4258,82
ST03,1591,55
ST03,2231,153
ST03,3506,214
ST03,2184,94
ST03,3050,247
ST03,615,320
ST03,3629,87
ST03,1566,180
ST03,2898,218
ST03,3348,175
ST03,3975,288
ST03,3393,159
ST03,2288,183
ST03,292,331
ST03,3462,181
ST03,4549,130
ST03,2823,112
ST03,2161,164
ST03,2419,296
ST03,4661,73
ST03,4375,303
ST03,1924,56
ST03,4538,331
ST03,3871,310
ST03,1820,119
ST03,3368,66
ST03,3380,348
ST03,4174,165
ST03,1362,266
ST03,2808,172
ST03,1799,223
ST03,1031,340
ST03,4632,269
ST03,4791,306
ST03,3467,274
ST03,4463,100
ST03,2130,350
ST03,2882,244
ST03,377,328
ST03,764,179
ST03,3990,344
ST03,2472,237
ST03,4228,312
ST03,679,205
ST03,3860,224
ST03,4388,297
ST03,484,219
ST03,3124,155
ST03,775,82
ST03,315,160
ST03,1225,82
ST03,3534,250
ST03,2709,90
ST03,2156,320
ST03,1286,138
ST03,3046,343
ST03,793,105
ST03,1244,302
ST03,1152,151
ST03,1933,234
ST03,3606,189
ST03,4558,294
ST03,2327,99
ST03,3913,191
ST03,619,307
ST03,1567,255
ST03,347,220
ST03,2693,215
ST03,1771,275
ST03,1137,161
ST03,4194,118
ST03,2180,109
ST03,1911,129
ST03,3273,71
ST03,956,232
ST03,2682,202
ST03,2812,164
ST03,2768,169
ST03,1294,305
ST03,4590,114
ST03,1853,152
ST03,2334,328
ST03,2739,217
ST03,3612,334
ST03,4142,247
ST03,3933,237
ST03,2842,238
ST03,1266,216
ST03,4370,161
ST03,4742,269
ST03,1784,272
ST03,2630,280
ST03,1033,55
ST03,792,254
ST03,4338,279
ST03,269,296
ST03,3188,211
ST03,66,219
ST03,60,94
ST03,3391,232
ST03,4701,59
ST03,886,106
ST03,3423,89
ST03,3855,327
ST03,4167,253
ST03,2951,122
ST03,1848,196
ST03,725,212
ST03,2164,208
ST03,4868,171
ST03,1436,157
ST03,3531,281
ST03,3651,347
ST03,3448,109
ST03,1652,147
ST03,2899,255
ST03,4893,82
ST03,536,142
ST03,4881,177
ST03,1235,112
ST03,1293,113
ST03,2115,60
ST03,1667,263
ST03,4379,76
ST03,186,110
ST03,4692,75
ST03,1418,286
ST03,2470,91
ST03,36,325
ST03,1819,173
ST03,3278,251
ST03,1341,192
ST03,949,211
ST03,340,331
ST03,4276,271
ST03,3736,191
ST03,216,209
ST03,4264,197
ST03,4675,228
ST03,1698,223
ST03,3235,86
ST03,4119,72
ST03,2047,119
ST03,4876,203
ST03,2885,190
ST03,4720,139
ST03,1642,350
ST03,3036,163
ST03,4032,285
ST03,3973,311
ST03,324,262
ST03,2562,320
ST03,2598,279
ST03,1353,207
ST03,1475,277
ST03,2615,162
ST03,864,205
ST03,2544,334
ST03,3703,72
ST03,3209,189
ST03,1375,92
ST03,1518,123
ST03,3338,256
ST03,160,329
ST03,2237,172
ST03,3472,304
ST03,3646,262
ST03,1428,180
ST03,4434,151
ST03,2319,111
ST03,1960,112
ST03,3865,86
ST03,3760,50
ST03,3004,276
ST03,673,155
ST03,2370,245
ST03,1488,57
ST03,591,175
ST03,4195,302
ST03,4222,242
ST03,348,330
ST03,4394,232
ST03,2666,75
ST03,1366,215
ST03,437,255
ST03,3326,175
ST03,3059,255
ST03,2687,287
ST03,3897,309
ST03,2163,109
ST03,4825,213
ST03,1458,162
ST03,605,317
ST03,4126,195
ST03,1264,270
ST03,1435,213
ST03,2809,312
ST03,3716,216
ST03,2401,303
ST03,1119,67
ST03,1756,56
ST03,3313,297
ST03,3216,293
ST03,1112,247
ST03,470,105
ST03,3483,87
ST03,982,285
ST03,1251,220
ST03,3319,322
ST03,4045,56
ST03,105,70
ST03,1006,61
ST03,2701,312
ST03,734,103
ST03,2089,345
ST03,467,191
ST03,3270,294
ST03,1936,205
ST03,4500,113
ST03,1813,331
ST03,807,141
ST03,4731,294
ST03,500,110
ST03,2340,236
ST03,4052,333
ST03,3940,149
ST03,121,100
ST03,1089,63
ST03,4309,99
ST03,345,195
ST03,4105,184
ST03,2511,322
ST03,61,50
ST03,1995,62
ST03,4498,271
ST03,4804,348
ST03,305,139
ST03,3762,104
ST03,3321,306
ST03,4914,241
ST03,1287,217
ST03,3697,330
ST03,2738,294
ST03,2051,332
ST03,2315,97
ST03,3337,266
ST03,2005,345
ST03,3777,166
ST03,1487,278
ST03,3779,160
ST03,2377,208
ST03,1156,288
ST03,4622,327
ST03,4848,228
ST03,3204,227
ST03,1001,332
ST03,920,117
ST03,1509,194
ST03,3793,172
ST03,1869,313
ST03,1703,188
ST03,4230,184
ST03,4714,145
ST03,2331,250
ST03,125,328
ST03,2600,168
ST03,3516,80
ST03,4559,339
ST03,1038,188
ST03,1914,307
ST03,234,108
ST03,2843,175
ST03,3727,192
ST03,3630,228
ST03,817,133
ST03,3811,117
ST03,2864,94
ST03,1071,303
ST03,4618,91
ST03,4769,74
ST03,1904,77
ST03,3011,153
ST03,1474,187
ST03,1431,284
ST03,3641,167
ST03,1424,125
ST03,2561,347
ST03,4746,190
ST03,139,343
ST03,2440,278
ST03,638,159
ST03,2098,167
ST03,2770,143
ST03,1,317
ST03,2956,307
ST03,1818,111
ST03,968,143
ST03,430,335
ST03,586,186
ST03,4747,314
ST03,3919,192
ST03,3002,144
ST03,1230,273
ST03,4878,96
ST03,1010,282
ST03,2372,166
ST03,4979,251
ST03,2066,76
ST03,1560,88
ST03,3400,95
ST03,4109,120
ST03,1615,107
ST03,2055,214
ST03,3371,100
ST03,4548,134
ST03,745,52
ST03,1383,73
ST03,990,284
ST03,1824,191
ST03,4321,349
ST03,4955,279
ST03,4574,282
ST03,3909,240
ST03,709,210
ST03,3843,257
ST03,2149,207
ST03,4175,325
ST03,332,137
ST03,215,64
ST03,3199,65
ST03,3299,215
ST03,4351,348
ST03,3656,301
ST03,4630,199
ST03,155,139
ST03,3519,181
ST03,329,294
ST03,3387,265
ST03,1030,350
ST03,445,56
ST03,1397,135
ST03,3274,208
ST03,2417,77
ST03,4491,192
ST03,653,134
ST03,677,104
ST03,2145,104
ST03,3333,280
ST03,4423,198
ST03,4934,305
ST03,4393,209
ST03,3694,256
ST03,2533,72
ST03,1343,228
ST03,466,337
ST03,414,294
ST03,4454,307
ST03,2087,62
ST03,1554,104
ST03,4611,348
ST03,607,147
ST03,3522,164
ST03,1007,101
ST03,2080,134
ST03,4043,151
ST03,4411,201
ST03,1986,248
ST03,885,170
ST03,2765,270
ST03,4761,282
ST03,2907,100
ST03,3624,329
ST03,854,97
ST03,4101,132
ST03,4725,262
ST03,811,86
ST03,3358,131
ST03,3280,110
ST03,3316,313
ST03,541,226
ST03,2316,147
ST03,4506,96
ST03,4103,200
ST03,1795,198
ST03,2515,252
ST03,1324,132
ST03,20,342
ST03,4634,127
ST03,2102,224
ST03,1075,110
ST03,2314,78
ST03,4395,136
ST03,2022,118
ST03,1873,107
ST03,640,307
ST03,1614,246
ST03,4961,226
ST03,4514,101
ST03,4184,216
ST03,425,165
ST03,2190,344
ST03,507,236
ST03,1536,325
ST03,1188,117
ST03,3898,255
ST03,967,99
ST03,4571,80
ST03,3173,278
ST03,2397,241
ST03,3145,75
ST03,4613,121
ST03,195,108
ST03,1654,176
ST03,1753,303
ST03,4516,139
ST03,3042,154
ST03,549,58
ST03,336,60
ST03,1872,323
ST03,2465,307
ST03,3482,72
ST03,101,179
ST03,297,181
ST03,492,225
ST03,4529,120
ST03,799,340
ST03,2077,178
ST03,2042,235
ST03,2479,246
ST03,1153,165
ST03,3075,207
ST03,4679,182
ST03,4795,167
ST03,3394,250
ST03,863,76
ST03,321,139
ST03,3866,223
ST03,1699,303
ST03,1472,300
ST03,4409,180
ST03,3744,131
ST03,899,299
ST03,2945,94
ST03,4279,336
ST03,4716,285
ST03,4406,139
ST03,4875,163
ST03,3685,175
ST03,3945,200
ST03,1147,311
ST03,3100,297
ST03,1388,346
ST03,4640,131
ST03,3616,298
ST03,1483,103
ST03,3929,245
ST03,2876,58
ST03,4302,328
ST03,2578,298
ST03,1258,155
ST03,3788,150
ST03,3873,204
ST03,1741,347
ST03,831,282
ST03,335,214
ST03,1624,198
ST03,1068,178
ST03,1672,82
ST03,1280,110
ST03,1273,185
ST03,3754,263
ST03,3488,98
ST03,4154,127
ST03,3887,90
ST03,2258,73
ST03,3136,328
ST03,3692,224
ST03,114,314
ST03,2620,135
ST03,4039,108
ST03,1351,72
ST03,2676,268
ST03,2594,133
ST03,2023,163
ST03,427,62
ST03,3791,315
ST03,1809,104
ST03,3305,198
ST03,3060,318
ST03,442,145
ST03,2905,184
ST03,2576,152
ST03,3350,248
ST03,4608,103
ST03,4628,128
ST03,4527,329
ST03,2207,286
ST03,1875,333
ST03,2415,180
ST03,4600,139
ST03,4599,314
ST03,610,339
ST03,385,257
ST03,2881,192
ST03,1777,62
ST03,2599,124
ST03,2363,207
ST03,3559,238
ST03,4523,283
ST03,1015,282
ST03,3773,55
ST03,1095,142
ST03,4505,146
ST03,69,55
ST03,2944,90
ST03,4408,307
ST03,1601,126
ST03,3473,219
ST03,2151,337
ST03,1237,121
ST03,1094,204
ST03,183,130
ST03,4837,84
ST03,1994,350
ST03,3470,71
ST03,1382,57
ST03,4468,107
ST03,3055,327
ST03,624,306
ST03,639,74
ST03,3324,167
ST03,2174,63
ST03,2247,65
ST03,772,250
ST03,1968,136
ST03,1502,280
ST03,4212,339
ST03,23,281
ST03,145,115
ST03,1842,320
ST03,3061,169
ST03,4048,235
ST03,1504,215
ST03,2283,327
ST03,1316,55
ST03,2611,101
ST03,3143,166
ST03,1243,132
ST03,2030,347
ST03,3708,349
ST03,3349,239
ST03,62,118
ST03,1702,116
ST03,2263,202
ST03,2841,308
ST03,609,184
ST03,436,127
ST03,1523,186
ST03,1274,96
ST03,2044,113
ST03,1092,299
ST03,3254,118
ST03,272,111
ST03,33,153
ST03,3540,55
ST03,4783,347
ST03,1857,117
ST03,231,275
ST03,4396,175
ST03,2984,172
ST03,1403,240
ST03,3157,318
ST03,4316,229
ST03,1315,88
ST03,553,329
ST03,2966,160
ST03,3545,119
ST03,4517,56
ST03,1890,113
ST03,3564,241
ST03,4352,336
ST03,4647,181
ST03,1114,232
ST03,3804,300
ST03,78,101
ST03,4964,159
ST03,4867,172
ST03,4033,246
ST03,35,69
ST03,2323,55
ST03,660,220
ST03,2455,237
ST03,4646,131
ST03,137,92
ST03,3922,63
ST03,1658,298
ST03,728,69
ST03,680,277
ST03,766,137
ST03,512,91
ST03,2078,338
ST03,4711,323
ST03,1570,143
ST03,4494,205
ST03,2557,347
ST03,4525,212
ST03,2423,258
ST03,3576,170
ST03,4432,349
ST03,2507,215
ST03,3353,112
ST03,1670,130
ST03,3312,139
ST03,2181,131
ST03,2672,252
ST03,2057,327
ST03,2278,276
ST03,284,294
ST03,1028,222
ST03,242,148
ST03,184,131
ST03,4458,177
ST03,3600,229
ST03,2059,127
ST03,3501,69
ST03,1215,216
ST03,26,115
ST03,2986,229
ST03,83,237
ST03,3345,73
ST03,2752,98
ST03,1072,322
ST03,2341,190
ST03,2922,184
ST03,3049,228
ST03,2510,334
ST03,2805,223
ST03,447,327
ST03,4284,242
ST03,1577,266
ST03,70,217
ST03,570,283
ST03,4238,74
ST03,4729,346
ST03,2503,177
ST03,1961,233
ST03,3030,74
ST03,806,272
ST03,3156,50
ST03,264,321
ST03,4502,287
ST03,3620,75
ST03,3248,183
ST03,3831,202
ST03,417,176
ST03,3163,238
ST03,4341,111
ST03,4331,278
ST03,883,92
ST03,4444,107
ST03,4090,174
ST03,1686,195
ST03,2408,171
ST03,4028,341
ST03,954,338
ST03,1816,106
ST03,3481,257
ST03,361,210
ST03,4095,110
ST03,2368,155
ST03,1581,142
ST03,738,208
ST03,1678,196
ST03,877,174
ST03,2277,177
ST03,926,279
ST03,4429,333
ST03,1404,74
ST03,4665,312
ST03,4438,333
ST03,1399,227
ST03,1045,116
ST03,1850,86
ST03,2192,58
ST03,201,339
ST03,2930,339
ST03,3097,237
ST03,325,151
ST03,4678,217
ST03,1332,81
ST03,4335,196
ST03,363,172
ST03,3451,50
ST03,727,238
ST03,1549,268
ST03,4798,306
ST03,4866,234
ST03,4790,60
ST03,1631,146
ST03,2575,238
ST03,914,151
ST03,1129,187
ST03,4672,55
ST03,1083,227
ST03,618,218
ST03,2868,194
ST03,1839,177
ST03,250,273
ST03,2122,156
ST03,2918,70
ST03,1077,333
ST03,946,313
ST03,3677,85
ST03,828,65
ST03,1674,215
ST03,4176,234
ST03,2221,115
ST03,3994,68
ST03,1236,313
ST03,3739,147
ST03,3083,68
ST03,3891,278
ST03,832,162
ST03,2892,110
ST03,4654,99
ST03,1739,137
ST03,1447,141
ST03,4404,93
ST03,1046,323
ST03,3696,284
ST03,93,128
ST03,2806,115
ST03,4110,69
ST03,602,149
ST03,1531,297
ST03,2976,226
ST03,3946,50
ST03,3551,337
ST03,286,227
ST03,52,198
ST03,3623,253
ST03,153,115
ST03,3960,298
ST03,1947,271
ST03,4289,313
ST03,1192,302
ST03,3550,249
ST03,4477,282
ST03,4779,293
ST03,4660,85
ST03,816,308
ST03,4859,234
ST03,1732,222
ST03,1866,179
ST03,1459,215
ST03,2814,167
ST03,4582,106
ST03,220,317
ST03,866,219
ST03,3925,205
ST03,1067,293
ST03,2716,262
ST03,1346,62
ST03,796,81
ST03,670,72
ST03,4323,339
ST03,4919,285
ST03,2950,195
ST03,4422,153
ST03,2849,53
ST03,894,280
ST03,2050,84
ST03,94,160
ST03,2224,251
ST03,2614,188
ST03,4765,233
ST03,3366,165
ST03,666,310
ST03,2402,163
ST03,1299,109
ST03,2643,202
ST03,2708,134
ST03,3863,144
ST03,842,168
ST03,2432,151
ST03,984,283
ST03,1693,64
ST03,4385,150
ST03,4186,321
ST03,859,87
ST03,3772,299
ST03,2204,276
ST03,4899,144
ST03,2454,307
ST03,1080,87
ST03,279,163
ST03,4817,78
ST03,4333,243
ST03,1706,315
ST03,2926,80
ST03,4730,178
ST03,4294,100
ST03,1221,197
ST03,1953,196
ST03,1444,66
ST03,1177,302
ST03,3425,172
ST03,1179,341
ST03,4135,218
ST03,438,52
ST03,411,306
ST03,2309,246
ST03,711,172
ST03,4587,54
ST03,2243,85
ST03,3536,234
ST03,1541,101
ST03,3175,238
ST03,2014,96
ST03,3438,135
ST03,4532,200
ST03,994,326
ST03,3047,255
ST03,1992,64
ST03,3063,61
ST03,2650,51
ST03,2497,53
ST03,3198,233
ST03,1372,206
ST03,1223,317
ST03,3981,328
ST03,3845,57
ST03,3013,345
ST03,3725,182
ST03,4358,101
ST03,2908,334
ST03,2900,322
ST03,3062,104
ST03,4703,290
ST03,4497,210
ST03,2336,202
ST03,3957,207
ST03,4657,298
ST03,3256,176
ST03,3969,86
ST03,650,316
ST03,3926,187
ST03,3247,86
ST03,3938,327
ST03,4815,96
ST03,19,308
ST03,1740,217
ST03,1737,137
ST03,4512,274
ST03,1106,311
ST03,3502,89
ST03,435,294
ST03,613,242
ST03,1056,60
ST03,4633,68
ST03,3690,102
ST03,460,217
ST03,4890,296
ST03,4257,163
ST03,4771,226
ST03,823,247
ST03,2012,259
ST03,2735,338
ST03,4361,135
ST03,3160,139
ST03,178,135
ST03,3917,260
ST03,1831,338
ST03,4953,105
ST03,2422,324
ST03,2993,170
ST03,4271,111
ST03,857,180
ST03,79,173
ST03,2343,78
ST03,479,107
ST03,4946,294
ST03,198,260
ST03,2860,50
ST03,1999,240
ST03,1439,176
ST03,1481,156
ST03,4560,150
ST03,2810,118
ST03,3277,310
ST03,2793,242
ST03,3936,59
ST03,3411,71
ST03,554,233
ST03,2118,80
ST03,450,108
ST03,703,72
ST03,3963,187
ST03,3020,118
ST03,424,110
ST03,1682,154
ST03,2433,174
ST03,3770,140
ST03,2840,162
ST03,3520,201
ST03,490,257
ST03,4041,334
ST03,3849,179
ST03,465,156
ST03,1229,294
ST03,2662,290
ST03,3137,207
ST03,3311,129
ST03,636,343
ST03,770,208
ST03,458,317
ST03,4935,205
ST03,3549,328
ST03,4363,196
ST03,700,52
ST03,1452,177
ST03,1384,154
ST03,4811,341
ST03,4554,66
ST03,2974,71
ST03,2979,332
ST03,4526,334
ST03,1632,347
ST03,2041,177
ST03,4091,154
ST03,4439,271
ST03,4826,134
ST03,3297,75
ST03,4799,139
ST03,3532,177
ST03,2333,110
ST03,1429,199
ST03,2383,121
ST03,3292,258
ST03,1333,299
ST03,4402,253
ST03,4959,251
ST03,1582,92
ST03,2896,59
ST03,3079,325
ST03,4535,191
ST03,1892,303
ST03,4818,189
ST03,2444,243
ST03,606,305
ST03,2854,324
ST03,713,62
ST03,3464,100
ST03,3369,329
ST03,596,81
ST03,4016,307
ST03,2438,161
ST03,2285,224
ST03,2859,324
ST03,835,65
ST03,3868,306
ST03,3493,344
ST03,1952,340
ST03,3376,311
ST03,2016,96
ST03,2412,336
ST03,1214,279
ST03,4173,144
ST03,2934,115
ST03,4812,60
ST03,2639,285
ST03,462,82
ST03,214,203
ST03,1729,75
ST03,733,117
ST03,3695,57
ST03,1164,141
ST03,3135,314
ST03,2782,226
ST03,3752,164
ST03,2035,254
ST03,4063,140
ST03,3704,61
ST03,1833,138
ST03,2978,179
ST03,1522,195
ST03,2637,234
ST03,4465,235
ST03,1036,337
ST03,4096,231
ST03,2711,350
ST03,4809,155
ST03,765,63
ST03,2703,138
ST03,731,231
ST03,1680,230
ST03,2378,57
ST03,3148,195
ST03,3370,215
ST03,1227,334
ST03,2728,329
ST03,1617,248
ST03,3236,210
ST03,3322,105
ST03,1618,54
ST03,4981,309
ST03,4932,71
ST03,2273,94
ST03,497,344
ST03,548,344
ST03,4718,150
ST03,2437,133
ST03,3861,214
ST03,3190,50
ST03,2176,86
ST03,3289,125
ST03,1091,248
ST03,1588,287
ST03,822,116
ST03,2212,129
ST03,572,165
ST03,3611,149
ST03,3734,245
ST03,685,332
ST03,1730,341
ST03,3153,324
ST03,1613,234
ST03,2252,104
ST03,165,105
ST03,2154,54
ST03,1365,207
ST03,3814,289
ST03,1804,242
ST03,3899,223
ST03,2459,319
ST03,3650,73
ST03,111,130
ST03,4245,236
ST03,903,282
ST03,2250,242
ST03,3167,139
ST03,752,314
ST03,4846,283
ST03,1562,194
ST03,4966,310
ST03,1138,302
ST03,4099,93
ST03,4457,304
ST03,735,171
ST03,2886,92
ST03,2928,87
ST03,273,208
ST03,3674,313
ST03,2069,181
ST03,4116,235
ST03,4723,254
ST03,3317,274
ST03,2106,312
ST03,646,269
ST03,2656,87
ST03,29,135
ST03,860,271
ST03,63,184
ST03,1250,323
ST03,246,60
ST03,4049,149
ST03,2577,64
ST03,2369,236
ST03,306,104
ST03,1520,166
ST03,955,283
ST03,530,106
ST03,3070,239
ST03,4451,125
ST03,409,301
ST03,3460,309
ST03,371,227
ST03,6,123
ST03,1261,263
ST03,2126,344
ST03,4605,55
ST03,3495,275
ST03,2107,271
ST03,1700,134
ST03,3558,166
ST03,4436,92
ST03,2235,324
ST03,1553,78
ST03,1898,283
ST03,3613,122
ST03,1394,267
ST03,3956,102
ST03,1312,79
ST03,3742,175
ST03,3723,323
ST03,4805,86
ST03,1665,236
ST03,1347,211
ST03,2921,140
ST03,3056,192
ST03,456,72
ST03,687,250
ST03,3539,342
ST03,3003,175
ST03,4261,207
ST03,4455,278
ST03,2387,263
ST03,3847,90
ST03,3800,230
ST03,4456,332
ST03,3602,192
ST03,4390,159
ST03,964,348
ST03,368,187
ST03,310,85
ST03,4308,247
ST03,2756,91
ST03,4537,315
ST03,889,340
ST03,4929,295
ST03,2933,108
ST03,1231,258
ST03,4778,141
ST03,2036,201
ST03,4951,217
ST03,2242,320
ST03,4956,131
ST03,2574,301
ST03,1096,232
ST03,1644,104
ST03,1862,105
ST03,3170,276
ST03,3238,209
ST03,522,182
ST03,4659,311
ST03,1778,80
ST03,2373,124
ST03,4511,182
ST03,3801,134
ST03,2773,298
ST03,2213,168
ST03,4282,224
ST03,2897,301
ST03,4650,321
ST03,1363,269
ST03,1646,73
ST03,1169,225
ST03,2391,202
ST03,3031,292
ST03,169,218
ST03,4349,233
ST03,3212,220
ST03,576,87
ST03,2839,160
ST03,4364,56
ST03,1731,314
ST03,3527,286
ST03,751,227
ST03,4522,324
ST03,938,256
ST03,2143,109
ST03,4360,233
ST03,891,149
ST03,3949,83
ST03,4808,119
ST03,4226,229
ST03,124,283
ST03,24,274
ST03,4833,144
ST03,14,279
ST03,2778,213
ST03,1708,321
ST03,1100,118
ST03,1145,116
ST03,3970,223
ST03,918,283
ST03,481,262
ST03,254,60
ST03,4684,275
ST03,356,204
ST03,4018,56
ST03,3250,70
ST03,637,333
ST03,4651,343
ST03,2238,224
ST03,2609,250
ST03,3309,50
ST03,138,256
ST03,1944,106
ST03,4801,52
ST03,3128,305
ST03,4612,178
ST03,812,117
ST03,1218,264
ST03,528,52
ST03,1910,169
ST03,226,125
ST03,556,207
ST03,2034,240
ST03,4356,266
ST03,2320,232
ST03,1539,205
ST03,1406,300
ST03,3944,302
ST03,1386,126
ST03,369,314
ST03,1719,226
ST03,4917,232
ST03,241,140
ST03,3192,73
ST03,749,292
ST03,1086,291
ST03,4671,277
ST03,4484,68
ST03,3872,255
ST03,1519,225
ST03,2114,174
ST03,3968,87
ST03,3275,334
ST03,4539,294
ST03,391,67
ST03,1970,136
ST03,1928,274
ST03,1216,103
ST03,4580,221
ST03,396,100
ST03,4623,119
ST03,3073,120
ST03,1498,137
ST03,4749,56
ST03,4387,184
ST03,82,204
ST03,2717,328
ST03,573,304
ST03,4464,162
ST03,2633,258
ST03,552,248
ST03,939,327
ST03,32,198
ST03,2183,260
ST03,4298,168
ST03,1241,222
ST03,945,298
ST03,3043,260
ST03,4013,224
ST03,180,253
ST03,2804,151
ST03,7,303
ST03,3208,97
ST03,3404,64
ST03,1844,130
ST03,1442,59
ST03,692,118
ST03,4213,215
ST03,2888,177
ST03,3442,164
ST03,4256,307
ST03,2348,150
ST03,2468,131
ST03,4330,330
ST03,2943,249
ST03,514,225
ST03,3196,308
ST03,4280,66
ST03,3748,139
ST03,2552,331
ST03,855,197
ST03,1165,70
ST03,248,189
ST03,54,96
ST03,2312,205
ST03,4518,50
ST03,419,294
ST03,975,63
ST03,3269,101
ST03,977,249
ST03,3794,125
ST03,2199,334
ST03,2964,215
ST03,966,108
ST03,3668,292
ST03,4636,80
ST03,2617,341
ST03,1909,258
ST03,1008,219
ST03,4982,300
ST03,682,316
ST03,1998,334
ST03,707,249
ST03,2496,341
ST03,1551,324
ST03,1641,290
ST03,2228,154
ST03,2834,78
ST03,3729,53
ST03,2137,271
ST03,1385,254
ST03,603,294
ST03,916,309
ST03,3287,83
ST03,2166,342
ST03,1524,283
ST03,2649,215
ST03,3187,134
ST03,3682,324
ST03,3503,110
ST03,3667,177
ST03,998,153
ST03,3869,93
ST03,824,96
ST03,339,175
ST03,4152,99
ST03,1398,225
ST03,9,156
ST03,1781,51
ST03,505,337
ST03,4133,334
ST03,4724,300
ST03,4662,155
ST03,540,246
ST03,2223,320
ST03,1327,242
ST03,3934,115
ST03,4328,229
ST03,2919,294
ST03,4449,137
ST03,3952,294
ST03,57,303
ST03,1288,341
ST03,1611,221
ST03,1468,324
ST03,3351,129
ST03,316,291
ST03,4050,192
ST03,3159,55
ST03,1769,90
ST03,285,331
ST03,421,313
ST03,1687,175
ST03,732,327
ST03,1464,84
ST03,1357,165
ST03,1101,104
ST03,4531,255
ST03,353,212
ST03,400,255
ST03,1427,236
ST03,4315,111
ST03,1108,348
ST03,2850,184
ST03,3648,93
ST03,4856,82
ST03,1993,179
ST03,4793,222
ST03,4626,285
ST03,4227,122
ST03,3581,260
ST03,3567,107
ST03,4658,259
ST03,4970,146
ST03,392,80
ST03,1546,194
ST03,3738,326
ST03,2128,337
ST03,1361,252
ST03,1798,225
ST03,2053,175
ST03,1694,168
ST03,3052,182
ST03,2054,228
ST03,413,163
ST03,3728,306
ST03,1800,294
ST03,4773,350
ST03,189,200
ST03,3837,80
ST03,668,175
ST03,404,293
ST03,1026,194
ST03,2067,61
ST03,2291,106
ST03,4700,202
ST03,4035,238
ST03,323,287
ST03,3,167
ST03,3617,78
ST03,1776,227
ST03,3295,182
ST03,2317,238
ST03,3103,199
ST03,2572,231
ST03,2691,159
ST03,331,66
ST03,1598,76
ST03,651,89
ST03,12,86
ST03,3282,151
ST03,1692,145
ST03,3995,100
ST03,25,118
ST03,2539,63
ST03,2294,340
ST03,267,206
ST03,3635,137
ST03,4586,191
ST03,3084,199
ST03,4168,224
ST03,488,51
ST03,2937,316
ST03,4896,332
ST03,2543,179
ST03,3399,220
ST03,1925,287
ST03,3410,191
ST03,3997,306
ST03,2990,168
ST03,3834,63
ST03,1905,164
ST03,4136,96
ST03,181,288
ST03,4074,330
ST03,1505,251
ST03,1490,279
ST03,3943,181
ST03,88,237
ST03,3588,244
ST03,1538,310
ST03,3649,166
ST03,3035,249
ST03,2554,69
ST03,4607,303
ST03,123,168
ST03,1281,51
ST03,3347,312
ST03,3077,319
ST03,487,93
ST03,1640,136
ST03,2658,304
ST03,2828,338
ST03,312,78
ST03,3134,167
ST03,1827,264
ST03,3683,239
ST03,3976,157
ST03,2983,176
ST03,1222,264
ST03,2457,283
ST03,44,60
ST03,4581,180
ST03,3823,253
ST03,3422,116
ST03,3246,109
ST03,2999,184
ST03,1814,105
ST03,4851,307
ST03,309,260
ST03,671,191
ST03,1876,82
ST03,4565,131
ST03,2684,183
ST03,2132,138
ST03,457,329
ST03,760,201
ST03,3993,270
ST03,595,310
ST03,2826,77
ST03,3627,147
ST03,686,84
ST03,3116,240
ST03,620,121
ST03,2763,103
ST03,3671,225
ST03,3595,192
ST03,1767,94
ST03,4320,226
ST03,813,301
ST03,1585,123
ST03,623,145
ST03,1272,315
ST03,802,262
ST03,4102,176
ST03,1337,162
ST03,2720,257
ST03,849,301
ST03,4217,270
ST03,3906,244
ST03,1023,250
ST03,3839,318
ST03,1724,153
ST03,583,266
ST03,783,201
ST03,978,303
ST03,2640,162
ST03,4036,282
ST03,3535,119
ST03,4907,121
ST03,3858,272
ST03,3146,176
ST03,2509,282
ST03,1758,170
ST03,2079,163
ST03,971,120
ST03,612,299
ST03,805,254
ST03,271,213
ST03,147,142
ST03,915,287
ST03,252,236
ST03,3592,246
ST03,1627,326
ST03,2558,90
ST03,4160,346
ST03,2732,205
ST03,4144,243
ST03,3091,193
ST03,3565,296
ST03,3403,226
ST03,2495,278
ST03,3122,103
ST03,131,102
ST03,562,211
ST03,1340,192
ST03,3598,56
ST03,1271,291
ST03,1514,346
ST03,2148,256
ST03,4383,99
ST03,2698,168
ST03,3266,124
ST03,2802,85
ST03,4572,175
ST03,2528,126
ST03,3687,252
ST03,3007,222
ST03,1408,300
ST03,4922,306
ST03,4806,124
ST03,1735,109
ST03,251,84
ST03,159,303
ST03,1040,127
ST03,2113,235
ST03,3492,231
ST03,298,345
ST03,1295,282
ST03,1342,322
ST03,4019,252
ST03,1558,89
ST03,13,125
ST03,3227,216
ST03,2848,350
ST03,3453,204
ST03,1639,121
ST03,4365,239
ST03,4060,55
ST03,1084,239
ST03,2931,333
ST03,2540,330
ST03,2234,104
ST03,2686,55
ST03,1878,84
ST03,4286,142
ST03,4267,183
ST03,4968,304
ST03,1630,309
ST03,4533,146
ST03,3395,139
ST03,4378,92
ST03,2081,340
ST03,4297,99
ST03,68,237
ST03,2719,260
ST03,3621,102
ST03,3552,100
ST03,2271,157
ST03,2729,271
ST03,386,269
ST03,4619,257
ST03,4061,172
ST03,902,187
ST03,58,53
ST03,1014,315
ST03,1344,246
ST03,3499,165
ST03,1635,199
ST03,2589,76
ST03,1900,153
ST03,2677,182
ST03,3666,50
ST03,4751,86
ST03,1185,50
ST03,1659,279
ST03,1717,60
ST03,4220,181
ST03,2792,307
ST03,1078,298
ST03,4641,236
ST03,3515,110
ST03,2052,188
ST03,303,288
ST03,1754,145
ST03,4483,283
ST03,3288,278
ST03,4299,280
ST03,1314,228
ST03,1852,337
ST03,2566,289
ST03,1189,163
ST03,1812,319
ST03,3249,293
ST03,4324,166
ST03,2645,151
ST03,2995,325
ST03,2375,190
ST03,2259,70
ST03,2362,189
ST03,3764,339
ST03,235,140
ST03,3853,111
ST03,1940,210
ST03,4185,259
ST03,2737,161
ST03,1260,139
ST03,4205,234
ST03,4068,142
ST03,2209,173
ST03,1580,90
ST03,406,207
ST03,4923,79
ST03,193,170
ST03,4319,124
ST03,4570,201
ST03,2987,349
ST03,1024,126
ST03,4265,250
ST03,1412,167
ST03,2127,320
ST03,2513,319
ST03,143,297
ST03,1042,196
ST03,2740,252
ST03,3490,128
ST03,1880,242
ST03,4372,239
ST03,4495,128
ST03,1946,199
ST03,2350,178
ST03,3237,170
ST03,1982,244
ST03,2337,95
ST03,4473,164
ST03,4199,348
ST03,4253,185
ST03,844,255
ST03,2758,174
ST03,2001,205
ST03,1847,200
ST03,4577,72
ST03,1073,206
ST03,3401,197
ST03,2967,232
ST03,1430,342
ST03,708,67
ST03,3851,156
ST03,1339,194
ST03,1247,72
ST03,2103,268
ST03,3601,84
ST03,1750,181
ST03,1770,274
ST03,1451,339
ST03,2253,236
ST03,1142,346
ST03,2783,96
ST03,3787,197
ST03,1155,99
ST03,3920,304
ST03,4648,182
ST03,4916,109
ST03,3230,135
ST03,3222,321
ST03,3680,83
ST03,3942,318
ST03,211,193
ST03,2290,207
ST03,219,210
ST03,840,246
ST03,3379,99
ST03,2382,297
ST03,1650,174
ST03,382,187
ST03,2866,267
ST03,3284,145
ST03,2011,271
ST03,3118,263
ST03,1037,160
ST03,3670,294
ST03,1974,244
ST03,4427,337
ST03,4978,223
ST03,1954,296
ST03,1467,304
ST03,1511,52
ST03,2058,283
ST03,879,213
ST03,172,161
ST03,3025,263
ST03,3258,296
ST03,575,191
ST03,1817,345
ST03,4995,91
ST03,2463,191
ST03,1379,266
ST03,2305,239
ST03,3219,315
ST03,249,249
ST03,1425,134
ST03,718,55
ST03,1219,155
ST03,4664,154
ST03,2836,311
ST03,4467,258
ST03,4820,279
ST03,1964,180
ST03,535,186
ST03,2249,117
ST03,4593,214
ST03,4721,215
ST03,1305,202
ST03,710,340
ST03,1766,183
ST03,4362,177
ST03,838,239
ST03,2219,167
ST03,3016,260
ST03,1774,325
ST03,810,288
ST03,1104,144
ST03,3028,79
ST03,851,117
ST03,2354,120
ST03,2085,167
ST03,3693,262
ST03,1593,136
ST03,1620,286
ST03,905,135
ST03,4643,218
ST03,1886,195
ST03,3867,164
ST03,4594,160
ST03,1738,200
ST03,4756,323
ST03,1976,269
ST03,3228,107
ST03,927,162
ST03,1004,345
ST03,2790,90
ST03,2653,264
ST03,2858,131
ST03,3293,340
ST03,3989,186
ST03,1318,165
ST03,188,120
ST03,895,172
ST03,4644,128
ST03,531,223
ST03,3889,162
ST03,4631,191
ST03,3201,251
ST03,2442,192
ST03,2502,232
ST03,4897,342
ST03,218,87
ST03,2820,337
ST03,2690,325
ST03,1494,197
ST03,2200,136
ST03,2675,104
ST03,288,285
ST03,1636,144
ST03,2330,77
ST03,2232,297
ST03,4121,267
ST03,3707,326
ST03,2019,210
ST03,3524,165
ST03,86,260
ST03,318,207
ST03,4696,232
ST03,3679,285
ST03,3117,122
ST03,4911,191
ST03,1279,276
ST03,1463,80
ST03,862,274
ST03,2125,338
ST03,2619,94
ST03,4566,238
ST03,3475,72
ST03,1527,95
ST03,4597,189
ST03,164,274
ST03,2851,137
ST03,786,187
ST03,1029,117
ST03,518,203
ST03,3569,123
ST03,5,193
ST03,4753,210
ST03,258,210
ST03,2780,185
ST03,574,265
ST03,1727,105
ST03,3983,190
ST03,655,135
ST03,2556,331
ST03,2171,130
ST03,2393,137
ST03,4084,187
ST03,1454,298
ST03,2155,329
ST03,3774,181
ST03,2482,312
ST03,2483,147
ST03,493,287
ST03,2467,310
ST03,4653,301
ST03,2954,305
ST03,4234,197
ST03,1122,261
ST03,2847,93
ST03,2284,280
ST03,2803,297
ST03,4909,345
ST03,1666,124
ST03,1376,261
ST03,3086,274
ST03,3737,140
ST03,2625,134
ST03,221,119
ST03,1883,160
ST03,3792,161
ST03,3980,350
ST03,2355,208
ST03,929,193
ST03,3587,127
ST03,4944,207
ST03,1949,267
ST03,4889,62
ST03,779,105
ST03,2646,271
ST03,1105,284
ST03,374,52
ST03,3065,322
ST03,1020,94
ST03,798,221
ST03,2874,64
ST03,527,308
ST03,3966,106
ST03,4111,291
ST03,635,280
ST03,516,119
ST03,3507,233
ST03,4287,238
ST03,4861,107
ST03,4530,195
ST03,1907,175
ST03,803,276
ST03,2794,328
ST03,3825,100
ST03,577,86
ST03,809,112
ST03,3706,161
ST03,4520,114
ST03,3327,236
ST03,3643,62
ST03,622,156
ST03,4680,287
ST03,1840,209
ST03,115,335
ST03,4188,93
ST03,3590,286
ST03,3781,145
ST03,564,252
ST03,3812,163
ST03,3381,227
ST03,4827,170
ST03,2651,133
ST03,4745,105
ST03,1062,254
ST03,815,57
ST03,4557,261
ST03,1920,102
ST03,3511,205
ST03,4180,265
ST03,4198,238
ST03,2730,53
ST03,4973,123
ST03,3185,237
ST03,2520,307
ST03,10,109
ST03,737,89
ST03,2045,318
ST03,4204,205
ST03,4312,99
ST03,617,152
ST03,113,144
ST03,341,279
ST03,4552,190
ST03,1195,158
ST03,4443,161
ST03,748,154
ST03,2222,82
ST03,4067,151
ST03,2689,144
ST03,3323,61
ST03,539,120
ST03,4620,260
ST03,1161,156
ST03,2439,318
ST03,3626,202
ST03,3223,194
ST03,1745,314
ST03,1364,253
ST03,2722,156
ST03,4397,163
ST03,1645,262
ST03,4125,52
ST03,1407,152
ST03,3619,339
ST03,1937,201
ST03,2569,270
ST03,4976,320
ST03,4268,217
ST03,1649,147
ST03,1262,91
ST03,1571,334
ST03,2821,106
ST03,2112,322
ST03,96,324
ST03,85,60
ST03,3604,174
ST03,73,249
ST03,3746,159
ST03,2685,201
ST03,294,319
ST03,2420,83
ST03,2033,59
ST03,1456,221
ST03,4442,58
ST03,3645,208
ST03,930,190
ST03,4691,326
ST03,4741,114
ST03,3443,332
ST03,4440,128
ST03,3907,184
ST03,648,126
ST03,1716,218
ST03,4589,66
ST03,843,161
ST03,4012,304
ST03,2201,155
ST03,412,350
ST03,4030,127
ST03,2018,297
ST03,1057,288
ST03,2196,69
ST03,698,190
ST03,126,128
ST03,3710,143
ST03,3916,302
ST03,3673,315
ST03,2452,174
ST03,3022,222
ST03,4513,270
ST03,2580,183
ST03,494,218
ST03,441,276
ST03,3332,118
ST03,1059,217
ST03,3815,283
ST03,1182,287
ST03,1748,310
ST03,2048,305
ST03,1150,123
ST03,2667,139
ST03,4971,305
ST03,3169,268
ST03,3876,197
ST03,3935,349
ST03,2530,98
ST03,4170,336
ST03,1081,106
ST03,4153,266
ST03,2827,93
ST03,4853,228
ST03,4777,318
ST03,3538,242
ST03,2980,186
ST03,3782,341
ST03,185,143
ST03,2407,61
ST03,3420,327
ST03,4841,172
ST03,4627,316
ST03,503,106
ST03,1530,286
ST03,3753,108
ST03,4225,318
ST03,4802,196
ST03,2026,97
ST03,75,282
ST03,4519,126
ST03,649,301
ST03,5000,148
ST03,1338,128
ST03,652,293
ST03,2366,60
ST03,910,158
ST03,1689,256
ST03,3089,209
ST03,2380,108
ST03,1989,189
ST03,2205,136
ST03,1655,177
ST03,3386,75
ST03,117,216
ST03,64,221
ST03,344,308
ST03,3505,317
ST03,3085,176
ST03,1210,244
ST03,1906,59
ST03,2134,227
ST03,3583,61
ST03,1515,229
ST03,2895,244
ST03,767,71
ST03,1764,131
ST03,4150,126
ST03,773,302
ST03,4499,340
ST03,593,218
ST03,108,200
ST03,1751,307
ST03,76,141
ST03,3822,336
ST03,1978,255
ST03,4883,196
ST03,1512,340
ST03,3239,245
ST03,4740,206
ST03,1854,276
ST03,4314,327
ST03,1602,194
ST03,1864,197
ST03,238,54
ST03,3041,97
ST03,868,192
ST03,2335,343
ST03,963,193
ST03,2605,133
ST03,3021,83
ST03,4553,222
ST03,3759,233
ST03,2430,135
ST03,106,137
ST03,4759,209
ST03,1575,265
ST03,2486,162
ST03,3429,350
ST03,357,234
ST03,834,307
ST03,2754,99
ST03,4398,250
ST03,163,321
ST03,634,181
ST03,2674,131
ST03,2493,198
ST03,1093,65
ST03,4469,235
ST03,261,295
ST03,1157,320
ST03,4583,135
ST03,1132,229
ST03,3340,246
ST03,3689,61
ST03,2124,316
ST03,4232,183
ST03,1761,147
ST03,299,167
ST03,3896,230
ST03,4543,139
ST03,2877,228
ST03,599,255
ST03,1972,161
ST03,3221,336
ST03,4076,177
ST03,3014,127
ST03,4241,294
ST03,1426,331
ST03,4138,263
ST03,1579,120
ST03,199,238
ST03,322,151
ST03,3632,131
ST03,2038,243
ST03,2203,341
ST03,4830,145
ST03,2789,287
ST03,118,123
ST03,508,169
ST03,4989,215
ST03,2257,166
ST03,2508,242
ST03,2462,74
ST03,2017,108
ST03,1317,278
ST03,4595,316
ST03,4722,134
ST03,4072,209
ST03,2532,277
ST03,4947,120
ST03,2638,110
ST03,3771,225
ST03,384,291
ST03,4355,314
ST03,2749,130
ST03,4902,334
ST03,4478,65
ST03,3012,140
ST03,2712,316
ST03,1835,140
ST03,3242,263
ST03,2140,158
ST03,3193,116
ST03,480,189
ST03,800,212
ST03,4424,99
ST03,3798,235
ST03,4357,210
ST03,3609,316
ST03,21,206
ST03,2458,196
ST03,893,221
ST03,4181,299
ST03,1973,280
ST03,2073,350
ST03,722,256
ST03,4836,63
ST03,1016,336
ST03,381,97
ST03,4292,224
ST03,4931,303
ST03,2634,139
ST03,1476,171
ST03,2869,199
ST03,616,171
ST03,2989,105
ST03,3819,344
ST03,869,111
ST03,4898,175
ST03,3978,311
ST03,2902,325
ST03,3119,227
ST03,1180,215
ST03,3844,184
ST03,1721,249
ST03,517,268
ST03,1387,225
ST03,301,70
ST03,3240,345
ST03,4694,174
ST03,1589,329
ST03,2008,172
ST03,2338,317
ST03,3149,78
ST03,4304,142
ST03,4026,57
ST03,976,63
ST03,2272,333
ST03,4604,269
ST03,3586,280
ST03,4903,89
ST03,501,323
ST03,4231,192
ST03,1485,140
ST03,4485,301
ST03,2179,102
ST03,452,59
ST03,2248,186
ST03,3575,132
ST03,3881,61
ST03,2559,208
ST03,3885,300
ST03,3446,197
ST03,689,139
ST03,4977,278
ST03,4996,246
ST03,1526,271
ST03,333,63
ST03,390,174
ST03,1146,125
ST03,4926,192
ST03,3264,124
ST03,4413,169
ST03,1846,237
ST03,2628,53
ST03,176,126
ST03,1871,141
ST03,2325,154
ST03,3037,342
ST03,275,235
ST03,2322,254
ST03,4104,299
ST03,2929,126
ST03,1194,222
ST03,1390,304
ST03,4472,93
ST03,4260,318
ST03,4051,263
ST03,2264,119
ST03,2704,265
ST03,2741,104
ST03,3113,341
ST03,2208,184
ST03,658,218
ST03,1440,293
ST03,4880,343
ST03,4097,196
ST03,4471,71
ST03,4983,131
ST03,2193,135
ST03,158,257
ST03,4763,235
ST03,2564,73
ST03,2725,220
ST03,3672,175
ST03,1534,168
ST03,3300,221
ST03,53,334
ST03,4727,131
ST03,2374,156
ST03,4835,263
ST03,3111,111
ST03,276,317
ST03,3850,260
ST03,4768,161
ST03,247,170
ST03,913,208
ST03,560,222
ST03,2191,286
ST03,1742,102
ST03,1555,321
ST03,2162,333
ST03,1773,193
ST03,2733,343
ST03,4417,255
ST03,149,110
ST03,2659,231
ST03,4920,329
ST03,3884,312
ST03,3342,128
ST03,4001,131
ST03,4246,56
ST03,2807,197
ST03,3048,212
ST03,1473,270
ST03,3180,305
ST03,4070,205
ST03,2211,222
ST03,3780,70
ST03,4348,318
ST03,4130,126
ST03,2796,302
ST03,1175,138
ST03,213,74
ST03,3810,60
ST03,2177,280
ST03,1461,333
ST03,1684,285
ST03,1803,52
ST03,3225,193
ST03,1608,316
ST03,2225,77
ST03,1319,333
ST03,387,177
ST03,2046,302
ST03,342,62
ST03,4108,235
ST03,924,101
ST03,1144,190
ST03,872,342
ST03,3999,216
ST03,2104,226
ST03,2548,99
ST03,4345,287
ST03,2367,68
ST03,3044,157
ST03,3304,128
ST03,4638,149
ST03,543,114
ST03,3542,56
ST03,790,180
ST03,1148,91
ST03,3098,163
ST03,4381,327
ST03,2020,255
ST03,346,149
ST03,4350,122
ST03,2797,152
ST03,3699,347
ST03,4994,194
ST03,373,268
ST03,2504,156
ST03,3987,252
ST03,3808,129
ST03,1331,214
ST03,1926,131
ST03,4872,55
ST03,4373,268
ST03,3947,93
ST03,3496,117
ST03,534,315
ST03,2744,147
ST03,3466,240
ST03,4987,185
ST03,3310,295
ST03,2595,313
ST03,2731,207
ST03,3092,231
ST03,4115,102
ST03,4187,135
ST03,4166,146
ST03,1252,319
ST03,4704,63
ST03,2160,95
ST03,2817,284
ST03,1934,253
ST03,2169,211
ST03,3785,118
ST03,4128,243
ST03,2965,333
ST03,3571,143
ST03,3253,207
ST03,277,101
ST03,1996,160
ST03,146,176
ST03,4147,245
ST03,3816,325
ST03,4906,72
ST03,2072,203
ST03,4555,248
ST03,4482,210
ST03,3633,257
ST03,270,328
ST03,428,349
ST03,1178,221
ST03,2500,90
ST03,38,86
ST03,1325,142
ST03,3757,118
ST03,836,281
ST03,839,296
ST03,3789,163
ST03,2779,202
ST03,887,61
ST03,3765,278
ST03,2757,107
ST03,4073,222
ST03,4925,80
ST03,4860,265
ST03,3735,259
ST03,4137,93
ST03,2158,275
ST03,4140,268
ST03,1118,98
ST03,41,182
ST03,3006,187
ST03,2831,345
ST03,2853,332
ST03,4928,69
ST03,3477,137
ST03,3914,155
ST03,2771,75
ST03,4034,201
ST03,3397,166
ST03,4913,164
ST03,4031,101
ST03,2119,160
ST03,2517,283
ST03,1197,197
ST03,4738,206
ST03,2024,346
ST03,2009,226
ST03,1965,304
ST03,2870,71
ST03,454,134
ST03,1060,310
ST03,1172,256
ST03,986,295
ST03,2665,126
ST03,100,113
ST03,3233,193
ST03,3307,95
ST03,1981,241
ST03,1370,65
ST03,4285,99
ST03,326,309
ST03,1257,263
ST03,3015,149
ST03,962,190
ST03,1626,223
ST03,3484,165
ST03,1409,243
ST03,1690,287
ST03,3303,303
ST03,2395,191
ST03,4699,242
ST03,1191,347
ST03,3711,333
ST03,469,220
ST03,2492,71
ST03,4575,201
ST03,2536,206
ST03,4960,272
ST03,784,63
ST03,3840,348
ST03,112,185
ST03,1701,251
ST03,3599,282
ST03,2376,248
ST03,1619,348
ST03,4766,59
ST03,756,153
ST03,1290,185
ST03,2879,157
ST03,3375,81
ST03,2961,116
ST03,3508,240
ST03,49,148
ST03,2153,55
ST03,2431,258
ST03,1217,139
ST03,2028,97
ST03,1792,315
ST03,4588,79
ST03,3720,162
ST03,3435,85
ST03,1894,126
ST03,4908,58
ST03,45,213
ST03,4544,83
ST03,3334,223
ST03,996,168
ST03,1183,219
ST03,1506,82
ST03,2602,322
ST03,3675,69
ST03,4579,181
ST03,3361,76
ST03,2138,233
ST03,2129,142
ST03,2948,305
ST03,3905,310
ST03,2429,186
ST03,4221,155
ST03,1607,77
ST03,1561,252
ST03,398,247
ST03,3745,79
ST03,1874,232
ST03,4940,136
ST03,2321,292
ST03,3607,294
ST03,2784,270
ST03,65,116
ST03,3722,211
ST03,3578,279
ST03,3179,110
ST03,669,144
ST03,1392,145
ST03,923,273
ST03,2304,304
ST03,987,51
ST03,2361,153
ST03,2751,132
ST03,2894,189
ST03,1548,288
ST03,2760,346
ST03,4460,116
ST03,2727,343
ST03,4967,235
ST03,1491,211
ST03,999,265
ST03,2904,207
ST03,3178,83
ST03,4236,247
ST03,4624,317
ST03,3954,228
ST03,3955,214
ST03,173,235
ST03,4156,77
ST03,4082,84
ST03,2909,337
ST03,1053,51
ST03,2068,341
ST03,2398,187
ST03,4984,183
ST03,2091,350
ST03,665,96
ST03,4621,345
ST03,1718,116
ST03,2202,317
ST03,937,312
ST03,2308,104
ST03,3263,337
ST03,1356,172
ST03,3664,147
ST03,3286,294
ST03,1590,323
ST03,568,239
ST03,3479,253
ST03,4366,344
ST03,3769,211
ST03,1788,221
ST03,4965,217
ST03,343,146
ST03,1586,81
ST03,558,201
ST03,236,116
ST03,2713,188
ST03,2819,264
ST03,557,326
ST03,1695,298
ST03,1633,319
ST03,1074,224
ST03,4857,308
ST03,2392,100
ST03,4655,201
ST03,1743,59
ST03,2913,291
ST03,4203,276
ST03,4918,335
ST03,2592,136
ST03,957,60
ST03,1676,264
ST03,2772,256
ST03,2861,259
ST03,3875,334
ST03,3214,193
ST03,1772,150
ST03,3126,191
ST03,366,103
ST03,1796,290
ST03,433,190
ST03,1725,105
ST03,4162,295
ST03,3087,241
ST03,2551,256
ST03,4493,348
ST03,705,150
ST03,4863,119
ST03,4132,302
ST03,1321,252
ST03,3732,308
ST03,2883,240
ST03,4789,286
ST03,444,153
ST03,561,249
ST03,461,192
ST03,1967,258
ST03,1843,266
ST03,3378,198
ST03,3352,301
ST03,1064,117
ST03,3553,248
ST03,4307,136
ST03,2873,252
ST03,2004,121
ST03,1497,347
ST03,4248,84
ST03,1213,330
ST03,3902,253
ST03,4892,169
ST03,3504,331
ST03,4148,54
ST03,3628,121
ST03,3888,121
ST03,3262,113
ST03,542,81
ST03,2583,84
ST03,3281,319
ST03,1048,208
ST03,1149,62
ST03,1997,191
ST03,2060,284
ST03,3964,180
ST03,979,179
ST03,780,311
ST03,1289,271
ST03,3417,330
ST03,2903,61
ST03,1752,343
ST03,2750,299
ST03,4259,84
ST03,2427,247
ST03,152,137
ST03,2776,221
ST03,3392,300
ST03,1669,113
ST03,4009,81
ST03,1500,271
ST03,1859,124
ST03,2450,266
ST03,1085,253
ST03,4069,202
ST03,4507,272
ST03,726,317
ST03,2003,303
ST03,3024,198
ST03,1807,170
ST03,3463,105
ST03,2612,346
ST03,338,131
ST03,4254,308
ST03,3172,298
ST03,3724,345
ST03,337,196
ST03,1348,184
ST03,932,316
ST03,4431,256
ST03,1265,141
ST03,2923,335
ST03,1087,329
ST03,2489,338
ST03,2175,110
ST03,2292,255
ST03,1830,312
ST03,2996,208
ST03,1845,102
ST03,4757,223
ST03,3396,172
ST03,1208,264
ST03,845,182
ST03,2621,250
ST03,2449,123
ST03,1969,69
ST03,2262,329
ST03,278,324
ST03,4269,295
ST03,1259,246
ST03,3121,237
ST03,1888,172
ST03,2,275
ST03,2064,245
ST03,2275,276
ST03,4093,309
ST03,8,118
ST03,1704,153
ST03,423,140
ST03,393,89
ST03,2799,312
ST03,1623,315
ST03,3557,123
ST03,545,71
ST03,2824,348
ST03,3120,325
ST03,496,341
ST03,39,144
ST03,4734,293
ST03,917,99
ST03,2096,95
ST03,3597,297
ST03,4178,320
ST03,3478,68
ST03,818,120
ST03,970,135
ST03,4250,63
ST03,1310,265
ST03,4165,145
ST03,1603,278
ST03,1828,289
ST03,4207,193
ST03,3372,255
ST03,4157,147
ST03,2230,343
ST03,3500,310
ST03,3377,103
ST03,1918,91
ST03,1787,301
ST03,2007,204
ST03,544,165
ST03,3647,156
ST03,3243,136
ST03,3431,274
ST03,3127,280
ST03,1499,290
ST03,202,286
ST03,3343,179
ST03,1628,275
ST03,3972,251
ST03,4296,266
ST03,3186,230
ST03,2384,285
ST03,2584,85
ST03,4990,181
ST03,4991,243
ST03,3356,341
ST03,1945,253
ST03,4869,169
ST03,1948,285
ST03,429,86
ST03,850,126
ST03,2565,96
ST03,4300,294
ST03,1861,67
ST03,4504,191
ST03,3541,228
ST03,1300,254
ST03,1643,121
ST03,3931,52
ST03,1728,309
ST03,3894,265
ST03,4123,125
ST03,3162,273
ST03,362,240
ST03,4954,247
ST03,380,61
ST03,56,289
ST03,2167,337
ST03,633,278
ST03,2303,146
ST03,2871,235
ST03,1901,247
ST03,4189,207
ST03,2476,113
ST03,2917,157
ST03,758,111
ST03,1882,94
ST03,2006,86
ST03,2641,173
ST03,418,106
ST03,4149,123
ST03,1047,169
ST03,71,185
ST03,3064,176
ST03,3421,117
ST03,431,215
ST03,841,235
ST03,4100,232
ST03,2683,296
ST03,600,119
ST03,3108,116
ST03,4578,132
ST03,3982,226
ST03,3205,56
ST03,683,144
ST03,1069,111
ST03,179,213
ST03,2279,131
ST03,4736,173
ST03,2981,246
ST03,420,151
ST03,2313,316
ST03,4347,337
ST03,1163,119
ST03,4000,304
ST03,3827,124
ST03,3039,190
ST03,2093,333
ST03,4405,80
ST03,3194,140
ST03,177,82
ST03,4980,233
ST03,3080,151
ST03,1893,220
ST03,1917,183
ST03,2801,152
ST03,1450,137
ST03,4359,208
ST03,2527,64
ST03,4561,292
ST03,464,282
ST03,3726,208
ST03,4708,52
ST03,1508,184
ST03,4910,211
ST03,3339,275
ST03,3414,141
ST03,3232,85
ST03,2616,51
ST03,588,67
ST03,4854,80
ST03,463,148
ST03,3755,290
ST03,1493,124
ST03,4676,282
ST03,3271,124
ST03,801,237
ST03,1061,263
ST03,1789,118
ST03,719,156
ST03,2025,345
ST03,3440,174
ST03,714,192
ST03,2426,326
ST03,388,232
ST03,4139,235
ST03,1380,204
ST03,2959,254
ST03,3184,140
ST03,2406,306
ST03,2487,335
ST03,2815,118
ST03,3977,298
ST03,1943,342
ST03,529,171
ST03,2680,199
ST03,2414,333
ST03,422,56
ST03,1480,93
ST03,255,72
ST03,3231,102
ST03,30,269
ST03,122,161
ST03,3413,226
ST03,498,269
ST03,4098,162
ST03,2139,130
ST03,3074,124
ST03,1849,148
ST03,1912,318
ST03,4948,90
ST03,1389,83
ST03,3053,310
ST03,4293,240
ST03,643,140
ST03,2324,293
ST03,1063,338
ST03,4810,246
ST03,3141,147
ST03,2972,287
ST03,98,60
ST03,1245,307
ST03,2953,129
ST03,1041,117
ST03,965,170
ST03,3733,274
ST03,4609,85
ST03,3362,107
ST03,3294,273
ST03,2088,184
ST03,2049,106
ST03,2488,159
ST03,2108,120
ST03,1510,222
ST03,2891,345
ST03,3544,54
ST03,4668,209
ST03,2560,250
ST03,1226,70
ST03,2798,53
ST03,359,329
ST03,4029,283
ST03,776,219
ST03,4629,117
ST03,4501,340
ST03,1209,298
ST03,3756,308
ST03,1990,237
ST03,1460,98
ST03,716,272
ST03,1212,343
ST03,1058,277
ST03,3634,305
ST03,2120,307
ST03,1838,227
ST03,919,258
ST03,4079,284
ST03,1660,58
ST03,4845,130
ST03,2997,281
ST03,2086,167
ST03,2092,136
ST03,3637,273
ST03,3497,321
ST03,3441,315
ST03,808,133
ST03,3018,338
ST03,4346,303
ST03,212,194
ST03,1441,159
ST03,2280,284
ST03,3439,63
ST03,1595,347
ST03,2269,196
ST03,870,77
ST03,3838,111
ST03,1887,301
ST03,2490,50
ST03,2724,176
ST03,443,321
ST03,2274,307
ST03,502,289
ST03,4005,272
ST03,2573,218
ST03,1557,346
ST03,4663,102
ST03,4339,155
ST03,4834,231
ST03,3112,89
ST03,1051,238
ST03,825,322
ST03,1542,308
ST03,1201,276
ST03,1578,204
ST03,4685,117
ST03,4247,285
ST03,4882,288
ST03,833,112
ST03,693,143
ST03,4509,311
ST03,4120,189
ST03,3306,228
ST03,3069,346
ST03,2494,176
ST03,2893,294
ST03,1656,340
ST03,4462,277
ST03,4446,55
ST03,27,334
ST03,4702,282
ST03,4591,215
ST03,4275,343
ST03,4547,117
ST03,92,239
ST03,3078,173
ST03,2695,201
ST03,876,314
ST03,1707,136
ST03,2927,149
ST03,1206,281
ST03,4437,201
ST03,4419,343
ST03,942,213
ST03,2761,285
ST03,3665,110
ST03,695,174
ST03,4046,60
ST03,4698,324
ST03,2076,301
ST03,2460,196
ST03,3817,69
ST03,3625,146
ST03,661,248
ST03,2356,54
ST03,1228,239
ST03,2622,317
ST03,4515,170
ST03,4054,100
ST03,3384,114
ST03,4874,137
ST03,3364,215
ST03,2400,339
ST03,4171,294
ST03,2570,237
ST03,1923,269
ST03,130,190
ST03,3267,272
ST03,2123,203
ST03,300,231
ST03,1160,336
ST03,4674,55
ST03,4392,311
ST03,2788,61
ST03,1415,223
ST03,3419,239
ST03,4369,296
ST03,582,90
ST03,317,72
ST03,1055,124
ST03,2514,112
ST03,2029,277
ST03,1691,256
ST03,1253,289
ST03,3471,155
ST03,3988,330
ST03,4719,185
ST03,1416,221
ST03,3864,269
ST03,4143,298
ST03,4695,308
ST03,4616,92
ST03,2924,196
ST03,3363,93
ST03,2501,141
ST03,2786,192
ST03,4573,97
ST03,3329,205
ST03,1477,167
ST03,3272,99
ST03,3407,101
ST03,1284,71
ST03,4546,331
ST03,3034,110
ST03,403,319
ST03,1391,287
ST03,1202,277
ST03,2623,99
ST03,2523,89
ST03,4325,177
ST03,4418,195
ST03,2901,108
ST03,4371,54
ST03,1205,191
ST03,3700,192
ST03,2963,315
ST03,2084,350
ST03,3213,294
ST03,1779,99
ST03,4697,311
ST03,943,139
ST03,3279,271
ST03,4122,278
ST03,2764,224
ST03,2555,289
ST03,940,300
ST03,2505,167
ST03,1181,220
ST03,789,215
ST03,4384,220
ST03,1584,248
ST03,37,51
ST03,2178,272
ST03,4985,240
ST03,228,228
ST03,4610,160
ST03,245,188
ST03,2150,206
ST03,4528,262
ST03,584,323
ST03,762,189
ST03,2753,85
ST03,3283,267
ST03,128,118
ST03,495,332
ST03,1736,176
ST03,566,279
ST03,4155,257
ST03,2410,163
ST03,3805,135
ST03,3584,188
ST03,743,300
ST03,471,178
ST03,3992,94
ST03,3383,82
ST03,856,286
ST03,3589,69
ST03,2547,197
ST03,871,66
ST03,4081,98
ST03,608,346
ST03,4146,350
ST03,2220,292
ST03,1963,331
ST03,4340,68
ST03,449,294
ST03,2745,237
ST03,4901,79
ST03,1052,323
ST03,4814,189
ST03,4255,82
ST03,4414,342
ST03,3465,327
ST03,1616,193
ST03,1951,142
ST03,1377,174
ST03,3469,158
ST03,274,269
ST03,788,322
ST03,4014,118
ST03,546,68
ST03,1240,81
ST03,2748,167
ST03,3432,187
ST03,352,316
ST03,1517,273
ST03,2159,109
ST03,3820,196
ST03,1685,229
ST03,992,246
ST03,1469,302
ST03,1661,273
ST03,1723,91
ST03,3217,201
ST03,3291,243
ST03,4211,250
ST03,3533,134
ST03,3210,122
ST03,4083,143
ST03,262,84
ST03,1489,345
ST03,1350,280
ST03,1930,206
ST03,2287,257
ST03,166,214
ST03,1521,79
ST03,2949,331
ST03,4838,319
ST03,4024,254
ST03,4584,52
ST03,3418,326
ST03,4816,299
ST03,3829,110
ST03,2358,231
ST03,2446,258
ST03,4585,167
ST03,3181,297
ST03,3459,246
ST03,2254,162
ST03,4066,69
ST03,3241,176
ST03,2968,106
ST03,4145,349
ST03,897,94
ST03,2742,303
ST03,4677,281
ST03,4877,270
ST03,3437,52
ST03,513,95
ST03,4625,87
ST03,791,123
ST03,3939,203
ST03,2359,279
ST03,74,267
ST03,4942,167
ST03,3870,233
ST03,1858,243
ST03,2585,244
ST03,2013,167
ST03,2777,202
ST03,3512,239
ST03,4281,345
ST03,1039,198
ST03,3382,249
ST03,2542,169
ST03,1950,80
ST03,4824,291
ST03,4828,312
ST03,320,297
ST03,4752,303
ST03,804,266
ST03,525,216
ST03,3176,175
ST03,4904,249
ST03,2982,295
ST03,3661,284
ST03,3797,197
ST03,1044,192
ST03,4210,169
ST03,1720,176
ST03,2371,246
ST03,1359,340
ST03,291,150
ST03,1285,261
ST03,4062,229
ST03,2297,151
ST03,2451,81
ST03,59,106
ST03,1959,70
ST03,3639,265
ST03,1070,151
ST03,1896,55
ST03,2240,149
ST03,912,224
ST03,2941,265
ST03,922,92
ST03,4044,314
ST03,150,290
ST03,730,95
ST03,1780,227
ST03,3026,110
ST03,847,137
ST03,2852,300
ST03,1303,103
ST03,3447,247
ST03,1330,280
ST03,2478,256
ST03,642,82
ST03,1860,163
ST03,3676,322
ST03,1932,163
ST03,399,199
ST03,797,346
ST03,2655,327
ST03,243,338
ST03,144,182
ST03,4193,153
ST03,4112,125
ST03,861,273
ST03,3101,69
ST03,47,66
ST03,2256,304
ST03,1335,171
ST03,3790,56
ST03,107,304
ST03,4562,154
ST03,1417,284
ST03,3152,175
ST03,3941,167
ST03,483,302
ST03,1537,264
ST03,1528,316
ST03,1283,94
ST03,1198,164
ST03,1583,121
ST03,4887,197
ST03,3234,181
ST03,196,238
ST03,3783,208
ST03,1939,273
ST03,2210,281
ST03,3986,207
ST03,4182,254
ST03,4040,267
ST03,625,268
ST03,4614,251
ST03,1115,285
ST03,4717,151
ST03,383,126
ST03,3457,105
ST03,2872,224
ST03,720,230
ST03,2550,176
ST03,2910,332
ST03,379,150
ST03,4796,155
ST03,3456,214
ST03,1102,158
ST03,908,99
ST03,4739,337
ST03,1746,301
ST03,1470,253
ST03,42,315
ST03,3252,137
ST03,4086,207
ST03,2251,297
ST03,129,64
ST03,2994,160
ST03,2867,122
ST03,1668,207
ST03,1373,198
ST03,410,88
ST03,266,92
ST03,3921,291
ST03,1109,136
ST03,4807,197
ST03,3579,176
ST03,2635,350
ST03,67,343
ST03,28,184
ST03,3182,183
ST03,1622,242
ST03,3750,193
ST03,1322,62
ST03,3803,73
ST03,890,217
ST03,1547,154
ST03,3259,135
ST03,2958,347
ST03,1170,76
ST03,439,160
ST03,2545,235
ST03,3638,214
ST03,4164,81
ST03,3206,59
ST03,2654,72
ST03,2448,201
ST03,4317,163
ST03,4744,86
ST03,699,313
ST03,4459,237
ST03,3057,73
ST03,3357,312
ST03,2329,255
ST03,4191,67
ST03,1184,151
ST03,378,236
ST03,2521,192
ST03,684,240
ST03,1683,113
ST03,1826,201
ST03,1079,209
ST03,1255,59
ST03,2755,65
ST03,2453,162
ST03,1757,214
ST03,2629,317
ST03,2286,302
ST03,3566,157
ST03,2911,115
ST03,4274,306
ST03,3374,271
ST03,2189,105
ST03,2445,190
ST03,754,93
ST03,504,339
ST03,3721,313
ST03,2862,87
ST03,521,180
ST03,205,109
ST03,746,192
ST03,4270,209
ST03,4534,281
ST03,1856,178
ST03,2626,177
ST03,4445,350
ST03,1203,281
ST03,590,250
ST03,4197,190
ST03,1174,335
ST03,2835,326
ST03,1141,111
ST03,4196,316
ST03,3454,69
ST03,4242,169
ST03,2714,57
ST03,1825,200
ST03,175,141
ST03,510,281
ST03,2261,325
ST03,151,62
ST03,244,267
ST03,4249,348
ST03,3848,321
ST03,4305,119
ST03,51,215
ST03,523,336
ST03,1329,234
ST03,2607,348
ST03,1797,143
ST03,4240,230
ST03,906,327
ST03,3365,341
ST03,2856,348
ST03,980,257
ST03,659,220
ST03,4941,158
ST03,3115,83
ST03,2837,224
ST03,1559,183
ST03,2056,326
ST03,2194,57
ST03,4047,136
ST03,1988,290
ST03,589,294
ST03,2524,94
ST03,3895,97
ST03,852,126
ST03,763,228
ST03,4007,166
ST03,1802,345
ST03,2111,154
ST03,1868,339
ST03,4015,332
ST03,1653,257
ST03,4010,237
ST03,3731,281
ST03,1107,126
ST03,1837,80
ST03,2381,235
ST03,3072,140
ST03,1224,216
ST03,1610,73
ST03,1238,60
ST03,4772,110
ST03,4776,270
ST03,3017,306
ST03,969,339
ST03,4475,145
ST03,2865,300
ST03,1378,96
ST03,631,110
ST03,3023,129
ST03,3251,98
ST03,3426,179
ST03,2726,318
ST03,1597,96
ST03,31,177
ST03,2889,279
ST03,4022,149
ST03,2936,198
ST03,2266,338
ST03,3106,308
ST03,4645,223
ST03,253,175
ST03,1054,268
ST03,2318,335
ST03,3480,61
ST03,3768,229
ST03,4344,134
ST03,3139,62
ST03,2818,244
ST03,4448,195
ST03,3096,235
ST03,744,206
ST03,156,174
ST03,2157,332
ST03,3449,134
ST03,2473,333
ST03,3040,276
ST03,4158,140
ST03,489,148
ST03,2829,248
ST03,4760,52
ST03,3105,207
ST03,2582,330
ST03,511,255
ST03,2461,199
ST03,1239,147
ST03,3828,110
ST03,2090,268
ST03,3314,127
ST03,1760,342
ST03,867,64
ST03,4038,155
ST03,4206,135
ST03,3610,121
ST03,2878,234
ST03,2531,225
ST03,626,208
ST03,1744,339
ST03,2522,83
ST03,1167,114
ST03,1005,202
ST03,4635,102
ST03,2952,127
ST03,675,310
ST03,3568,153
ST03,3224,173
ST03,4844,100
ST03,4209,205
ST03,1955,314
ST03,4368,182
ST03,2071,141
ST03,1076,159
ST03,206,154
ST03,4002,220
ST03,4425,263
ST03,533,314
ST03,1423,337
ST03,2110,293
ST03,4930,83
ST03,263,197
ST03,900,236
ST03,988,146
ST03,4037,207
ST03,3197,214
ST03,3836,318
ST03,4743,79
ST03,3965,139
ST03,3761,207
ST03,4682,153
ST03,950,82
ST03,4342,250
ST03,2529,206
ST03,3908,315
ST03,1358,57
ST03,896,337
ST03,1962,152
ST03,3962,248
ST03,3355,161
ST03,1248,287
ST03,4461,218
ST03,2700,341
ST03,4503,69
ST03,4862,93
ST03,1782,299
ST03,4399,158
ST03,3229,157
ST03,2469,138
ST03,4479,325
ST03,1832,324
ST03,4943,76
ST03,3082,158
ST03,3265,269
ST03,4025,97
ST03,4343,53
ST03,1983,324
ST03,4131,188
ST03,4389,235
ST03,2787,136
ST03,4958,219
ST03,3107,177
ST03,330,129
ST03,948,269
ST03,328,78
ST03,4683,53
ST03,3427,309
ST03,2436,162
ST03,136,160
